prev_time,current_time,next_time,gap_prev_s,gap_next_s
2025-07-15 00:25:57,2025-07-15 00:27:19,2025-07-15 00:31:26,82.0,247.0
2025-07-15 00:27:19,2025-07-15 00:31:26,2025-07-15 00:32:48,247.0,82.0
2025-07-15 00:31:26,2025-07-15 00:32:48,2025-07-15 00:35:32,82.0,164.0
2025-07-15 00:32:48,2025-07-15 00:35:32,2025-07-15 00:36:55,164.0,83.0
2025-07-15 00:36:55,2025-07-15 00:38:17,2025-07-15 00:42:25,82.0,248.0
2025-07-15 00:38:17,2025-07-15 00:42:25,2025-07-15 00:43:47,248.0,82.0
2025-07-15 00:42:25,2025-07-15 00:43:47,2025-07-15 00:46:32,82.0,165.0
2025-07-15 00:43:47,2025-07-15 00:46:32,2025-07-15 00:47:54,165.0,82.0
2025-07-15 00:46:32,2025-07-15 00:47:54,2025-07-15 00:50:39,82.0,165.0
2025-07-15 00:47:54,2025-07-15 00:50:39,2025-07-15 00:52:01,165.0,82.0
2025-07-15 00:58:53,2025-07-15 01:00:15,2025-07-15 01:02:59,82.0,164.0
2025-07-15 01:00:15,2025-07-15 01:02:59,2025-07-15 01:04:22,164.0,83.0
2025-07-15 01:11:13,2025-07-15 01:12:35,2025-07-15 01:15:20,82.0,165.0
2025-07-15 01:12:35,2025-07-15 01:15:20,2025-07-15 01:16:42,165.0,82.0
2025-07-15 01:15:20,2025-07-15 01:16:42,2025-07-15 01:19:27,82.0,165.0
2025-07-15 01:16:42,2025-07-15 01:19:27,2025-07-15 01:20:49,165.0,82.0
2025-07-15 01:20:49,2025-07-15 01:22:11,2025-07-15 01:24:56,82.0,165.0
2025-07-15 01:22:11,2025-07-15 01:24:56,2025-07-15 01:26:19,165.0,83.0
2025-07-15 01:38:39,2025-07-15 01:40:02,2025-07-15 01:42:46,83.0,164.0
2025-07-15 01:40:02,2025-07-15 01:42:46,2025-07-15 01:45:31,164.0,165.0
2025-07-15 01:42:46,2025-07-15 01:45:31,2025-07-15 01:48:16,165.0,165.0
2025-07-15 01:45:31,2025-07-15 01:48:16,2025-07-15 01:49:39,165.0,83.0
2025-07-15 02:02:00,2025-07-15 02:03:22,2025-07-15 02:06:07,82.0,165.0
2025-07-15 02:03:22,2025-07-15 02:06:07,2025-07-15 02:07:29,165.0,82.0
2025-07-15 02:06:07,2025-07-15 02:07:29,2025-07-15 02:10:13,82.0,164.0
2025-07-15 02:07:29,2025-07-15 02:10:13,2025-07-15 02:11:36,164.0,83.0
2025-07-15 02:44:31,2025-07-15 02:45:53,2025-07-15 02:48:37,82.0,164.0
2025-07-15 02:45:53,2025-07-15 02:48:37,2025-07-15 02:50:00,164.0,83.0
2025-07-15 03:00:59,2025-07-15 03:02:21,2025-07-15 03:05:07,82.0,166.0
2025-07-15 03:02:21,2025-07-15 03:05:07,2025-07-15 03:06:29,166.0,82.0
2025-07-15 08:09:47,2025-07-15 08:11:09,2025-07-15 08:15:16,82.0,247.0
2025-07-15 08:11:09,2025-07-15 08:15:16,2025-07-15 08:16:38,247.0,82.0
2025-07-15 08:38:36,2025-07-15 08:39:58,2025-07-15 08:42:44,82.0,166.0
2025-07-15 08:39:58,2025-07-15 08:42:44,2025-07-15 08:44:06,166.0,82.0
2025-07-15 08:45:28,2025-07-15 08:46:51,2025-07-15 08:49:35,83.0,164.0
2025-07-15 08:46:51,2025-07-15 08:49:35,2025-07-15 08:50:58,164.0,83.0
2025-07-15 09:10:10,2025-07-15 09:11:33,2025-07-15 09:14:17,83.0,164.0
2025-07-15 09:11:33,2025-07-15 09:14:17,2025-07-15 09:15:39,164.0,82.0
2025-07-15 09:15:39,2025-07-15 09:17:02,2025-07-15 09:22:31,83.0,329.0
2025-07-15 09:17:02,2025-07-15 09:22:31,2025-07-15 09:23:54,329.0,83.0
2025-07-15 09:25:16,2025-07-15 09:26:38,2025-07-15 09:32:07,82.0,329.0
2025-07-15 09:26:38,2025-07-15 09:32:07,2025-07-15 09:33:30,329.0,83.0
2025-07-15 09:33:30,2025-07-15 09:34:53,2025-07-15 09:37:37,83.0,164.0
2025-07-15 09:34:53,2025-07-15 09:37:37,2025-07-15 09:38:59,164.0,82.0
2025-07-15 09:38:59,2025-07-15 09:40:22,2025-07-15 09:43:06,83.0,164.0
2025-07-15 09:40:22,2025-07-15 09:43:06,2025-07-15 09:44:29,164.0,83.0
2025-07-15 09:48:36,2025-07-15 09:49:58,2025-07-15 09:54:05,82.0,247.0
2025-07-15 09:49:58,2025-07-15 09:54:05,2025-07-15 09:55:27,247.0,82.0
2025-07-15 09:54:05,2025-07-15 09:55:27,2025-07-15 09:58:12,82.0,165.0
2025-07-15 09:55:27,2025-07-15 09:58:12,2025-07-15 09:59:34,165.0,82.0
2025-07-15 10:03:41,2025-07-15 10:05:03,2025-07-15 10:07:48,82.0,165.0
2025-07-15 10:05:03,2025-07-15 10:07:48,2025-07-15 10:11:55,165.0,247.0
2025-07-15 10:07:48,2025-07-15 10:11:55,2025-07-15 10:13:17,247.0,82.0
2025-07-15 10:24:16,2025-07-15 10:25:38,2025-07-15 10:28:23,82.0,165.0
2025-07-15 10:25:38,2025-07-15 10:28:23,2025-07-15 10:29:46,165.0,83.0
2025-07-15 10:31:08,2025-07-15 10:32:31,2025-07-15 10:35:15,83.0,164.0
2025-07-15 10:32:31,2025-07-15 10:35:15,2025-07-15 10:36:37,164.0,82.0
2025-07-15 10:50:21,2025-07-15 10:51:43,2025-07-15 10:54:28,82.0,165.0
2025-07-15 10:51:43,2025-07-15 10:54:28,2025-07-15 10:57:13,165.0,165.0
2025-07-15 10:54:28,2025-07-15 10:57:13,2025-07-15 10:58:35,165.0,82.0
2025-07-15 11:09:34,2025-07-15 11:10:56,2025-07-15 11:13:41,82.0,165.0
2025-07-15 11:10:56,2025-07-15 11:13:41,2025-07-15 11:15:03,165.0,82.0
2025-07-15 11:32:54,2025-07-15 11:34:17,2025-07-15 11:37:01,83.0,164.0
2025-07-15 11:34:17,2025-07-15 11:37:01,2025-07-15 11:38:24,164.0,83.0
2025-07-15 11:52:08,2025-07-15 11:53:30,2025-07-15 11:56:15,82.0,165.0
2025-07-15 11:53:30,2025-07-15 11:56:15,2025-07-15 11:57:37,165.0,82.0
2025-07-15 14:28:39,2025-07-15 14:30:02,2025-07-15 14:32:47,83.0,165.0
2025-07-15 14:30:02,2025-07-15 14:32:47,2025-07-15 14:34:10,165.0,83.0
2025-07-15 14:32:47,2025-07-15 14:34:10,2025-07-15 14:36:54,83.0,164.0
2025-07-15 14:34:10,2025-07-15 14:36:54,2025-07-15 14:38:17,164.0,83.0
2025-07-15 16:21:14,2025-07-15 16:22:36,2025-07-15 16:25:21,82.0,165.0
2025-07-15 16:22:36,2025-07-15 16:25:21,2025-07-15 16:26:43,165.0,82.0
2025-07-15 21:29:54,2025-07-15 21:31:16,2025-07-15 21:34:00,82.0,164.0
2025-07-15 21:31:16,2025-07-15 21:34:00,2025-07-15 21:35:22,164.0,82.0
2025-07-15 21:44:58,2025-07-15 21:46:20,2025-07-15 21:49:04,82.0,164.0
2025-07-15 21:46:20,2025-07-15 21:49:04,2025-07-15 21:50:27,164.0,83.0
2025-07-15 21:49:04,2025-07-15 21:50:27,2025-07-15 21:53:11,83.0,164.0
2025-07-15 21:50:27,2025-07-15 21:53:11,2025-07-15 21:54:33,164.0,82.0
2025-07-15 21:58:41,2025-07-15 22:00:03,2025-07-15 22:02:48,82.0,165.0
2025-07-15 22:00:03,2025-07-15 22:02:48,2025-07-15 22:04:10,165.0,82.0
2025-07-15 22:06:55,2025-07-15 22:08:17,2025-07-15 22:11:01,82.0,164.0
2025-07-15 22:08:17,2025-07-15 22:11:01,2025-07-15 22:12:23,164.0,82.0
2025-07-15 22:22:00,2025-07-15 22:23:22,2025-07-15 22:26:06,82.0,164.0
2025-07-15 22:23:22,2025-07-15 22:26:06,2025-07-15 22:27:28,164.0,82.0
2025-07-15 22:32:57,2025-07-15 22:34:19,2025-07-15 22:37:03,82.0,164.0
2025-07-15 22:34:19,2025-07-15 22:37:03,2025-07-15 22:38:25,164.0,82.0
2025-07-15 22:37:03,2025-07-15 22:38:25,2025-07-15 22:41:10,82.0,165.0
2025-07-15 22:38:25,2025-07-15 22:41:10,2025-07-15 22:42:32,165.0,82.0
2025-07-15 23:11:19,2025-07-15 23:12:41,2025-07-15 23:15:26,82.0,165.0
2025-07-15 23:12:41,2025-07-15 23:15:26,2025-07-15 23:16:48,165.0,82.0
2025-07-15 23:18:11,2025-07-15 23:19:33,2025-07-15 23:22:18,82.0,165.0
2025-07-15 23:19:33,2025-07-15 23:22:18,2025-07-15 23:23:40,165.0,82.0
2025-07-15 23:23:40,2025-07-15 23:25:02,2025-07-15 23:27:46,82.0,164.0
2025-07-15 23:25:02,2025-07-15 23:27:46,2025-07-15 23:29:09,164.0,83.0
2025-07-15 23:57:56,2025-07-15 23:59:18,2025-07-16 00:02:02,82.0,164.0
2025-07-15 23:59:18,2025-07-16 00:02:02,2025-07-16 00:03:25,164.0,83.0
2025-07-16 00:11:38,2025-07-16 00:13:00,2025-07-16 00:17:07,82.0,247.0
2025-07-16 00:13:00,2025-07-16 00:17:07,2025-07-16 00:18:29,247.0,82.0
2025-07-16 00:30:49,2025-07-16 00:32:11,2025-07-16 00:34:56,82.0,165.0
2025-07-16 00:32:11,2025-07-16 00:34:56,2025-07-16 00:36:18,165.0,82.0
2025-07-16 00:54:07,2025-07-16 00:55:29,2025-07-16 00:58:13,82.0,164.0
2025-07-16 00:55:29,2025-07-16 00:58:13,2025-07-16 00:59:35,164.0,82.0
2025-07-16 01:16:02,2025-07-16 01:17:24,2025-07-16 01:20:08,82.0,164.0
2025-07-16 01:17:24,2025-07-16 01:20:08,2025-07-16 01:21:31,164.0,83.0
2025-07-16 01:28:22,2025-07-16 01:29:44,2025-07-16 01:32:29,82.0,165.0
2025-07-16 01:29:44,2025-07-16 01:32:29,2025-07-16 01:33:51,165.0,82.0
2025-07-16 01:39:20,2025-07-16 01:40:42,2025-07-16 01:44:49,82.0,247.0
2025-07-16 01:40:42,2025-07-16 01:44:49,2025-07-16 01:46:11,247.0,82.0
2025-07-16 01:48:56,2025-07-16 01:50:18,2025-07-16 01:53:02,82.0,164.0
2025-07-16 01:50:18,2025-07-16 01:53:02,2025-07-16 01:54:25,164.0,83.0
2025-07-16 02:39:41,2025-07-16 02:41:03,2025-07-16 02:43:47,82.0,164.0
2025-07-16 02:41:03,2025-07-16 02:43:47,2025-07-16 02:45:09,164.0,82.0
2025-07-16 03:05:43,2025-07-16 03:07:05,2025-07-16 03:09:50,82.0,165.0
2025-07-16 03:07:05,2025-07-16 03:09:50,2025-07-16 03:11:12,165.0,82.0
2025-07-16 03:11:12,2025-07-16 03:12:35,2025-07-16 03:15:19,83.0,164.0
2025-07-16 03:12:35,2025-07-16 03:15:19,2025-07-16 03:16:41,164.0,82.0
2025-07-16 03:26:18,2025-07-16 03:27:40,2025-07-16 03:30:24,82.0,164.0
2025-07-16 03:27:40,2025-07-16 03:30:24,2025-07-16 03:31:47,164.0,83.0
2025-07-16 03:46:52,2025-07-16 03:48:14,2025-07-16 03:50:59,82.0,165.0
2025-07-16 03:48:14,2025-07-16 03:50:59,2025-07-16 03:52:21,165.0,82.0
2025-07-16 04:26:38,2025-07-16 04:28:00,2025-07-16 04:30:45,82.0,165.0
2025-07-16 04:28:00,2025-07-16 04:30:45,2025-07-16 04:32:07,165.0,82.0
2025-07-16 05:02:17,2025-07-16 05:03:39,2025-07-16 05:06:24,82.0,165.0
2025-07-16 05:03:39,2025-07-16 05:06:24,2025-07-16 05:07:46,165.0,82.0
2025-07-16 05:25:36,2025-07-16 05:26:59,2025-07-16 05:29:43,83.0,164.0
2025-07-16 05:26:59,2025-07-16 05:29:43,2025-07-16 05:31:05,164.0,82.0
2025-07-16 05:59:54,2025-07-16 06:01:16,2025-07-16 06:04:00,82.0,164.0
2025-07-16 06:01:16,2025-07-16 06:04:00,2025-07-16 06:05:22,164.0,82.0
2025-07-16 06:08:07,2025-07-16 06:09:29,2025-07-16 06:12:14,82.0,165.0
2025-07-16 06:09:29,2025-07-16 06:12:14,2025-07-16 06:13:36,165.0,82.0
2025-07-16 06:35:31,2025-07-16 06:36:53,2025-07-16 06:39:38,82.0,165.0
2025-07-16 06:36:53,2025-07-16 06:39:38,2025-07-16 06:41:00,165.0,82.0
2025-07-16 07:02:56,2025-07-16 07:04:19,2025-07-16 07:07:03,83.0,164.0
2025-07-16 07:04:19,2025-07-16 07:07:03,2025-07-16 07:08:26,164.0,83.0
2025-07-16 11:11:08,2025-07-16 11:12:31,2025-07-16 11:15:15,83.0,164.0
2025-07-16 11:12:31,2025-07-16 11:15:15,2025-07-16 11:16:37,164.0,82.0
2025-07-16 11:24:52,2025-07-16 11:26:14,2025-07-16 11:28:59,82.0,165.0
2025-07-16 11:26:14,2025-07-16 11:28:59,2025-07-16 11:30:21,165.0,82.0
2025-07-16 13:33:48,2025-07-16 13:35:10,2025-07-16 13:37:55,82.0,165.0
2025-07-16 13:35:10,2025-07-16 13:37:55,2025-07-16 13:39:17,165.0,82.0
2025-07-16 13:54:24,2025-07-16 13:55:46,2025-07-16 13:58:31,82.0,165.0
2025-07-16 13:55:46,2025-07-16 13:58:31,2025-07-16 13:59:53,165.0,82.0
2025-07-16 14:10:52,2025-07-16 14:12:14,2025-07-16 14:14:59,82.0,165.0
2025-07-16 14:12:14,2025-07-16 14:14:59,2025-07-16 14:16:21,165.0,82.0
2025-07-16 14:16:21,2025-07-16 14:17:44,2025-07-16 14:20:28,83.0,164.0
2025-07-16 14:17:44,2025-07-16 14:20:28,2025-07-16 14:23:13,164.0,165.0
2025-07-16 14:20:28,2025-07-16 14:23:13,2025-07-16 14:24:35,165.0,82.0
2025-07-16 15:09:51,2025-07-16 15:11:14,2025-07-16 15:13:58,83.0,164.0
2025-07-16 15:11:14,2025-07-16 15:13:58,2025-07-16 15:15:20,164.0,82.0
2025-07-16 15:16:43,2025-07-16 15:18:05,2025-07-16 15:20:50,82.0,165.0
2025-07-16 15:18:05,2025-07-16 15:20:50,2025-07-16 15:22:12,165.0,82.0
2025-07-16 15:56:29,2025-07-16 15:57:51,2025-07-16 16:01:58,82.0,247.0
2025-07-16 15:57:51,2025-07-16 16:01:58,2025-07-16 16:03:20,247.0,82.0
2025-07-16 16:06:05,2025-07-16 16:07:28,2025-07-16 16:10:12,83.0,164.0
2025-07-16 16:07:28,2025-07-16 16:10:12,2025-07-16 16:11:34,164.0,82.0
2025-07-16 16:11:34,2025-07-16 16:12:56,2025-07-16 16:15:41,82.0,165.0
2025-07-16 16:12:56,2025-07-16 16:15:41,2025-07-16 16:17:03,165.0,82.0
2025-07-16 16:37:38,2025-07-16 16:39:00,2025-07-16 16:41:45,82.0,165.0
2025-07-16 16:39:00,2025-07-16 16:41:45,2025-07-16 16:43:07,165.0,82.0
2025-07-16 17:00:58,2025-07-16 17:02:20,2025-07-16 17:05:04,82.0,164.0
2025-07-16 17:02:20,2025-07-16 17:05:04,2025-07-16 17:06:27,164.0,83.0
2025-07-16 17:16:02,2025-07-16 17:17:25,2025-07-16 17:20:09,83.0,164.0
2025-07-16 17:17:25,2025-07-16 17:20:09,2025-07-16 17:21:31,164.0,82.0
2025-07-16 17:20:09,2025-07-16 17:21:31,2025-07-16 17:24:16,82.0,165.0
2025-07-16 17:21:31,2025-07-16 17:24:16,2025-07-16 17:25:39,165.0,83.0
2025-07-16 17:33:52,2025-07-16 17:35:14,2025-07-16 17:37:59,82.0,165.0
2025-07-16 17:35:14,2025-07-16 17:37:59,2025-07-16 17:40:43,165.0,164.0
2025-07-16 17:37:59,2025-07-16 17:40:43,2025-07-16 17:43:28,164.0,165.0
2025-07-16 17:40:43,2025-07-16 17:43:28,2025-07-16 17:46:12,165.0,164.0
2025-07-16 17:43:28,2025-07-16 17:46:12,2025-07-16 17:50:19,164.0,247.0
2025-07-16 17:46:12,2025-07-16 17:50:19,2025-07-16 17:51:41,247.0,82.0
2025-07-16 17:51:41,2025-07-16 17:53:03,2025-07-16 17:55:48,82.0,165.0
2025-07-16 17:53:03,2025-07-16 17:55:48,2025-07-16 17:57:10,165.0,82.0
2025-07-16 17:58:32,2025-07-16 17:59:55,2025-07-16 18:02:39,83.0,164.0
2025-07-16 17:59:55,2025-07-16 18:02:39,2025-07-16 18:04:02,164.0,83.0
2025-07-16 18:04:02,2025-07-16 18:05:24,2025-07-16 18:08:08,82.0,164.0
2025-07-16 18:05:24,2025-07-16 18:08:08,2025-07-16 18:09:31,164.0,83.0
2025-07-16 18:12:15,2025-07-16 18:13:38,2025-07-16 18:16:22,83.0,164.0
2025-07-16 18:13:38,2025-07-16 18:16:22,2025-07-16 18:17:44,164.0,82.0
2025-07-16 18:17:44,2025-07-16 18:19:06,2025-07-16 18:21:51,82.0,165.0
2025-07-16 18:19:06,2025-07-16 18:21:51,2025-07-16 18:23:13,165.0,82.0
2025-07-16 19:09:50,2025-07-16 19:11:12,2025-07-16 19:13:57,82.0,165.0
2025-07-16 19:11:12,2025-07-16 19:13:57,2025-07-16 19:15:19,165.0,82.0
2025-07-16 19:15:19,2025-07-16 19:16:41,2025-07-16 19:19:25,82.0,164.0
2025-07-16 19:16:41,2025-07-16 19:19:25,2025-07-16 19:20:48,164.0,83.0
2025-07-16 19:19:25,2025-07-16 19:20:48,2025-07-16 19:23:32,83.0,164.0
2025-07-16 19:20:48,2025-07-16 19:23:32,2025-07-16 19:24:54,164.0,82.0
2025-07-16 19:42:44,2025-07-16 19:44:06,2025-07-16 19:46:51,82.0,165.0
2025-07-16 19:44:06,2025-07-16 19:46:51,2025-07-16 19:48:13,165.0,82.0
2025-07-16 19:53:41,2025-07-16 19:55:04,2025-07-16 19:57:48,83.0,164.0
2025-07-16 19:55:04,2025-07-16 19:57:48,2025-07-16 19:59:10,164.0,82.0
2025-07-16 20:01:54,2025-07-16 20:03:17,2025-07-16 20:06:01,83.0,164.0
2025-07-16 20:03:17,2025-07-16 20:06:01,2025-07-16 20:07:23,164.0,82.0
2025-07-16 20:22:27,2025-07-16 20:23:50,2025-07-16 20:26:34,83.0,164.0
2025-07-16 20:23:50,2025-07-16 20:26:34,2025-07-16 20:27:56,164.0,82.0
2025-07-16 20:51:15,2025-07-16 20:52:37,2025-07-16 20:55:21,82.0,164.0
2025-07-16 20:52:37,2025-07-16 20:55:21,2025-07-16 20:56:43,164.0,82.0
2025-07-16 21:03:35,2025-07-16 21:04:57,2025-07-16 21:07:41,82.0,164.0
2025-07-16 21:04:57,2025-07-16 21:07:41,2025-07-16 21:09:04,164.0,83.0
2025-07-16 21:35:05,2025-07-16 21:36:28,2025-07-16 21:39:12,83.0,164.0
2025-07-16 21:36:28,2025-07-16 21:39:12,2025-07-16 21:40:34,164.0,82.0
2025-07-16 21:54:16,2025-07-16 21:55:38,2025-07-16 21:58:23,82.0,165.0
2025-07-16 21:55:38,2025-07-16 21:58:23,2025-07-16 21:59:45,165.0,82.0
2025-07-16 21:59:45,2025-07-16 22:01:07,2025-07-16 22:05:14,82.0,247.0
2025-07-16 22:01:07,2025-07-16 22:05:14,2025-07-16 22:07:58,247.0,164.0
2025-07-16 22:05:14,2025-07-16 22:07:58,2025-07-16 22:09:20,164.0,82.0
2025-07-16 22:32:37,2025-07-16 22:34:00,2025-07-16 22:36:44,83.0,164.0
2025-07-16 22:34:00,2025-07-16 22:36:44,2025-07-16 22:38:06,164.0,82.0
2025-07-16 22:57:17,2025-07-16 22:58:39,2025-07-16 23:01:23,82.0,164.0
2025-07-16 22:58:39,2025-07-16 23:01:23,2025-07-16 23:02:46,164.0,83.0
2025-07-16 23:04:08,2025-07-16 23:05:30,2025-07-16 23:08:14,82.0,164.0
2025-07-16 23:05:30,2025-07-16 23:08:14,2025-07-16 23:12:21,164.0,247.0
2025-07-16 23:08:14,2025-07-16 23:12:21,2025-07-16 23:13:43,247.0,82.0
2025-07-16 23:16:27,2025-07-16 23:17:49,2025-07-16 23:20:34,82.0,165.0
2025-07-16 23:17:49,2025-07-16 23:20:34,2025-07-16 23:21:56,165.0,82.0
2025-07-16 23:31:31,2025-07-16 23:32:53,2025-07-16 23:35:37,82.0,164.0
2025-07-16 23:32:53,2025-07-16 23:35:37,2025-07-16 23:37:00,164.0,83.0
2025-07-16 23:35:37,2025-07-16 23:37:00,2025-07-16 23:39:44,83.0,164.0
2025-07-16 23:37:00,2025-07-16 23:39:44,2025-07-16 23:41:06,164.0,82.0
2025-07-16 23:52:04,2025-07-16 23:53:26,2025-07-16 23:57:33,82.0,247.0
2025-07-16 23:53:26,2025-07-16 23:57:33,2025-07-17 00:00:17,247.0,164.0
2025-07-16 23:57:33,2025-07-17 00:00:17,2025-07-17 00:01:39,164.0,82.0
2025-07-17 00:04:24,2025-07-17 00:05:46,2025-07-17 00:08:30,82.0,164.0
2025-07-17 00:05:46,2025-07-17 00:08:30,2025-07-17 00:09:52,164.0,82.0
2025-07-17 00:19:27,2025-07-17 00:20:49,2025-07-17 00:23:34,82.0,165.0
2025-07-17 00:20:49,2025-07-17 00:23:34,2025-07-17 00:24:56,165.0,82.0
2025-07-17 00:23:34,2025-07-17 00:24:56,2025-07-17 00:27:41,82.0,165.0
2025-07-17 00:24:56,2025-07-17 00:27:41,2025-07-17 00:29:03,165.0,82.0
2025-07-17 00:33:10,2025-07-17 00:34:32,2025-07-17 00:37:16,82.0,164.0
2025-07-17 00:34:32,2025-07-17 00:37:16,2025-07-17 00:38:39,164.0,83.0
2025-07-17 00:38:39,2025-07-17 00:40:01,2025-07-17 00:44:07,82.0,246.0
2025-07-17 00:40:01,2025-07-17 00:44:07,2025-07-17 00:45:29,246.0,82.0
2025-07-17 00:52:20,2025-07-17 00:53:42,2025-07-17 00:57:49,82.0,247.0
2025-07-17 00:53:42,2025-07-17 00:57:49,2025-07-17 00:59:11,247.0,82.0
2025-07-17 01:15:38,2025-07-17 01:17:00,2025-07-17 01:19:44,82.0,164.0
2025-07-17 01:17:00,2025-07-17 01:19:44,2025-07-17 01:21:06,164.0,82.0
2025-07-17 01:34:49,2025-07-17 01:36:11,2025-07-17 01:38:56,82.0,165.0
2025-07-17 01:36:11,2025-07-17 01:38:56,2025-07-17 01:40:19,165.0,83.0
2025-07-17 01:51:15,2025-07-17 01:52:38,2025-07-17 01:55:22,83.0,164.0
2025-07-17 01:52:38,2025-07-17 01:55:22,2025-07-17 01:56:44,164.0,82.0
2025-07-17 02:02:12,2025-07-17 02:03:35,2025-07-17 02:06:19,83.0,164.0
2025-07-17 02:03:35,2025-07-17 02:06:19,2025-07-17 02:07:41,164.0,82.0
2025-07-17 02:14:33,2025-07-17 02:15:55,2025-07-17 02:20:02,82.0,247.0
2025-07-17 02:15:55,2025-07-17 02:20:02,2025-07-17 02:21:24,247.0,82.0
2025-07-17 02:20:02,2025-07-17 02:21:24,2025-07-17 02:24:08,82.0,164.0
2025-07-17 02:21:24,2025-07-17 02:24:08,2025-07-17 02:25:31,164.0,83.0
2025-07-17 02:24:08,2025-07-17 02:25:31,2025-07-17 02:29:38,83.0,247.0
2025-07-17 02:25:31,2025-07-17 02:29:38,2025-07-17 02:31:00,247.0,82.0
2025-07-17 02:29:38,2025-07-17 02:31:00,2025-07-17 02:33:44,82.0,164.0
2025-07-17 02:31:00,2025-07-17 02:33:44,2025-07-17 02:35:06,164.0,82.0
2025-07-17 02:36:28,2025-07-17 02:37:50,2025-07-17 02:41:57,82.0,247.0
2025-07-17 02:37:50,2025-07-17 02:41:57,2025-07-17 02:43:19,247.0,82.0
2025-07-17 02:43:19,2025-07-17 02:44:41,2025-07-17 02:47:26,82.0,165.0
2025-07-17 02:44:41,2025-07-17 02:47:26,2025-07-17 02:48:49,165.0,83.0
2025-07-17 02:57:01,2025-07-17 02:58:23,2025-07-17 03:01:08,82.0,165.0
2025-07-17 02:58:23,2025-07-17 03:01:08,2025-07-17 03:02:30,165.0,82.0
2025-07-17 03:05:15,2025-07-17 03:06:37,2025-07-17 03:09:22,82.0,165.0
2025-07-17 03:06:37,2025-07-17 03:09:22,2025-07-17 03:10:44,165.0,82.0
2025-07-17 03:14:51,2025-07-17 03:16:13,2025-07-17 03:18:57,82.0,164.0
2025-07-17 03:16:13,2025-07-17 03:18:57,2025-07-17 03:20:19,164.0,82.0
2025-07-17 03:18:57,2025-07-17 03:20:19,2025-07-17 03:23:04,82.0,165.0
2025-07-17 03:20:19,2025-07-17 03:23:04,2025-07-17 03:28:33,165.0,329.0
2025-07-17 03:23:04,2025-07-17 03:28:33,2025-07-17 03:29:55,329.0,82.0
2025-07-17 04:04:10,2025-07-17 04:05:33,2025-07-17 04:08:18,83.0,165.0
2025-07-17 04:05:33,2025-07-17 04:08:18,2025-07-17 04:09:40,165.0,82.0
2025-07-17 04:08:18,2025-07-17 04:09:40,2025-07-17 04:13:47,82.0,247.0
2025-07-17 04:09:40,2025-07-17 04:13:47,2025-07-17 04:15:10,247.0,83.0
2025-07-17 04:13:47,2025-07-17 04:15:10,2025-07-17 04:19:17,83.0,247.0
2025-07-17 04:15:10,2025-07-17 04:19:17,2025-07-17 04:20:39,247.0,82.0
2025-07-17 04:24:46,2025-07-17 04:26:08,2025-07-17 04:28:53,82.0,165.0
2025-07-17 04:26:08,2025-07-17 04:28:53,2025-07-17 04:30:15,165.0,82.0
2025-07-17 05:03:11,2025-07-17 05:04:33,2025-07-17 05:07:18,82.0,165.0
2025-07-17 05:04:33,2025-07-17 05:07:18,2025-07-17 05:08:40,165.0,82.0
2025-07-17 05:23:45,2025-07-17 05:25:07,2025-07-17 05:27:52,82.0,165.0
2025-07-17 05:25:07,2025-07-17 05:27:52,2025-07-17 05:29:14,165.0,82.0
2025-07-17 05:31:59,2025-07-17 05:33:21,2025-07-17 05:36:06,82.0,165.0
2025-07-17 05:33:21,2025-07-17 05:36:06,2025-07-17 05:37:28,165.0,82.0
2025-07-17 05:48:26,2025-07-17 05:49:49,2025-07-17 05:52:33,83.0,164.0
2025-07-17 05:49:49,2025-07-17 05:52:33,2025-07-17 05:53:55,164.0,82.0
2025-07-17 05:53:55,2025-07-17 05:55:18,2025-07-17 05:58:02,83.0,164.0
2025-07-17 05:55:18,2025-07-17 05:58:02,2025-07-17 05:59:24,164.0,82.0
2025-07-17 06:18:36,2025-07-17 06:19:58,2025-07-17 06:22:43,82.0,165.0
2025-07-17 06:19:58,2025-07-17 06:22:43,2025-07-17 06:24:05,165.0,82.0
2025-07-17 06:22:43,2025-07-17 06:24:05,2025-07-17 06:26:50,82.0,165.0
2025-07-17 06:24:05,2025-07-17 06:26:50,2025-07-17 06:28:12,165.0,82.0
2025-07-17 06:28:12,2025-07-17 06:29:35,2025-07-17 06:32:19,83.0,164.0
2025-07-17 06:29:35,2025-07-17 06:32:19,2025-07-17 06:33:41,164.0,82.0
2025-07-17 06:47:24,2025-07-17 06:48:46,2025-07-17 06:51:30,82.0,164.0
2025-07-17 06:48:46,2025-07-17 06:51:30,2025-07-17 06:52:53,164.0,83.0
2025-07-17 06:58:22,2025-07-17 06:59:44,2025-07-17 07:02:29,82.0,165.0
2025-07-17 06:59:44,2025-07-17 07:02:29,2025-07-17 07:03:51,165.0,82.0
2025-07-17 07:13:27,2025-07-17 07:14:49,2025-07-17 07:17:33,82.0,164.0
2025-07-17 07:14:49,2025-07-17 07:17:33,2025-07-17 07:18:55,164.0,82.0
2025-07-17 07:39:30,2025-07-17 07:40:52,2025-07-17 07:43:37,82.0,165.0
2025-07-17 07:40:52,2025-07-17 07:43:37,2025-07-17 07:44:59,165.0,82.0
2025-07-17 08:19:14,2025-07-17 08:20:36,2025-07-17 08:23:21,82.0,165.0
2025-07-17 08:20:36,2025-07-17 08:23:21,2025-07-17 08:24:43,165.0,82.0
2025-07-17 09:48:20,2025-07-17 09:49:43,2025-07-17 09:52:27,83.0,164.0
2025-07-17 09:49:43,2025-07-17 09:52:27,2025-07-17 09:53:49,164.0,82.0
2025-07-17 09:59:18,2025-07-17 10:00:40,2025-07-17 10:03:25,82.0,165.0
2025-07-17 10:00:40,2025-07-17 10:03:25,2025-07-17 10:04:47,165.0,82.0
2025-07-17 10:17:08,2025-07-17 10:18:31,2025-07-17 10:21:15,83.0,164.0
2025-07-17 10:18:31,2025-07-17 10:21:15,2025-07-17 10:24:00,164.0,165.0
2025-07-17 10:21:15,2025-07-17 10:24:00,2025-07-17 10:25:22,165.0,82.0
2025-07-17 10:39:04,2025-07-17 10:40:26,2025-07-17 10:43:11,82.0,165.0
2025-07-17 10:40:26,2025-07-17 10:43:11,2025-07-17 10:44:33,165.0,82.0
2025-07-17 10:43:11,2025-07-17 10:44:33,2025-07-17 10:47:18,82.0,165.0
2025-07-17 10:44:33,2025-07-17 10:47:18,2025-07-17 10:48:41,165.0,83.0
2025-07-17 11:02:23,2025-07-17 11:03:45,2025-07-17 11:06:29,82.0,164.0
2025-07-17 11:03:45,2025-07-17 11:06:29,2025-07-17 11:07:51,164.0,82.0
2025-07-17 11:06:29,2025-07-17 11:07:51,2025-07-17 11:10:36,82.0,165.0
2025-07-17 11:07:51,2025-07-17 11:10:36,2025-07-17 11:11:58,165.0,82.0
2025-07-17 11:20:12,2025-07-17 11:21:34,2025-07-17 11:24:19,82.0,165.0
2025-07-17 11:21:34,2025-07-17 11:24:19,2025-07-17 11:27:03,165.0,164.0
2025-07-17 11:24:19,2025-07-17 11:27:03,2025-07-17 11:28:26,164.0,83.0
2025-07-17 11:58:37,2025-07-17 11:59:59,2025-07-17 12:02:44,82.0,165.0
2025-07-17 11:59:59,2025-07-17 12:02:44,2025-07-17 12:04:07,165.0,83.0
2025-07-17 12:09:35,2025-07-17 12:10:58,2025-07-17 12:13:42,83.0,164.0
2025-07-17 12:10:58,2025-07-17 12:13:42,2025-07-17 12:15:05,164.0,83.0
2025-07-17 12:35:39,2025-07-17 12:37:02,2025-07-17 12:39:46,83.0,164.0
2025-07-17 12:37:02,2025-07-17 12:39:46,2025-07-17 12:41:09,164.0,83.0
2025-07-17 12:49:22,2025-07-17 12:50:45,2025-07-17 12:53:29,83.0,164.0
2025-07-17 12:50:45,2025-07-17 12:53:29,2025-07-17 12:54:51,164.0,82.0
2025-07-17 12:56:14,2025-07-17 12:57:36,2025-07-17 13:00:21,82.0,165.0
2025-07-17 12:57:36,2025-07-17 13:00:21,2025-07-17 13:01:43,165.0,82.0
2025-07-17 13:01:43,2025-07-17 13:03:05,2025-07-17 13:05:50,82.0,165.0
2025-07-17 13:03:05,2025-07-17 13:05:50,2025-07-17 13:07:13,165.0,83.0
2025-07-17 13:08:35,2025-07-17 13:09:57,2025-07-17 13:12:42,82.0,165.0
2025-07-17 13:09:57,2025-07-17 13:12:42,2025-07-17 13:14:04,165.0,82.0
2025-07-17 13:18:11,2025-07-17 13:19:33,2025-07-17 13:22:18,82.0,165.0
2025-07-17 13:19:33,2025-07-17 13:22:18,2025-07-17 13:23:40,165.0,82.0
2025-07-17 13:23:40,2025-07-17 13:25:02,2025-07-17 13:27:47,82.0,165.0
2025-07-17 13:25:02,2025-07-17 13:27:47,2025-07-17 13:29:09,165.0,82.0
2025-07-17 13:48:21,2025-07-17 13:49:43,2025-07-17 13:52:28,82.0,165.0
2025-07-17 13:49:43,2025-07-17 13:52:28,2025-07-17 13:53:50,165.0,82.0
2025-07-17 13:56:35,2025-07-17 13:57:57,2025-07-17 14:00:43,82.0,166.0
2025-07-17 13:57:57,2025-07-17 14:00:43,2025-07-17 14:02:05,166.0,82.0
2025-07-17 14:04:50,2025-07-17 14:06:12,2025-07-17 14:08:56,82.0,164.0
2025-07-17 14:06:12,2025-07-17 14:08:56,2025-07-17 14:10:19,164.0,83.0
2025-07-17 14:08:56,2025-07-17 14:10:19,2025-07-17 14:13:04,83.0,165.0
2025-07-17 14:10:19,2025-07-17 14:13:04,2025-07-17 14:14:26,165.0,82.0
2025-07-17 14:15:48,2025-07-17 14:17:11,2025-07-17 14:19:55,83.0,164.0
2025-07-17 14:17:11,2025-07-17 14:19:55,2025-07-17 14:21:18,164.0,83.0
2025-07-17 14:22:40,2025-07-17 14:24:02,2025-07-17 14:26:47,82.0,165.0
2025-07-17 14:24:02,2025-07-17 14:26:47,2025-07-17 14:28:09,165.0,82.0
2025-07-17 14:40:30,2025-07-17 14:41:53,2025-07-17 14:44:37,83.0,164.0
2025-07-17 14:41:53,2025-07-17 14:44:37,2025-07-17 14:45:59,164.0,82.0
2025-07-17 14:52:50,2025-07-17 14:54:13,2025-07-17 14:56:57,83.0,164.0
2025-07-17 14:54:13,2025-07-17 14:56:57,2025-07-17 14:58:20,164.0,83.0
2025-07-17 14:58:20,2025-07-17 14:59:42,2025-07-17 15:02:27,82.0,165.0
2025-07-17 14:59:42,2025-07-17 15:02:27,2025-07-17 15:05:12,165.0,165.0
2025-07-17 15:02:27,2025-07-17 15:05:12,2025-07-17 15:07:56,165.0,164.0
2025-07-17 15:05:12,2025-07-17 15:07:56,2025-07-17 15:09:19,164.0,83.0
2025-07-17 15:49:08,2025-07-17 15:50:30,2025-07-17 15:53:14,82.0,164.0
2025-07-17 15:50:30,2025-07-17 15:53:14,2025-07-17 15:55:59,164.0,165.0
2025-07-17 15:53:14,2025-07-17 15:55:59,2025-07-17 15:57:21,165.0,82.0
2025-07-17 16:01:28,2025-07-17 16:02:50,2025-07-17 16:05:36,82.0,166.0
2025-07-17 16:02:50,2025-07-17 16:05:36,2025-07-17 16:06:58,166.0,82.0
2025-07-17 16:17:57,2025-07-17 16:19:19,2025-07-17 16:22:04,82.0,165.0
2025-07-17 16:19:19,2025-07-17 16:22:04,2025-07-17 16:23:27,165.0,83.0
2025-07-17 16:26:11,2025-07-17 16:27:33,2025-07-17 16:30:18,82.0,165.0
2025-07-17 16:27:33,2025-07-17 16:30:18,2025-07-17 16:31:41,165.0,83.0
2025-07-17 16:45:25,2025-07-17 16:46:48,2025-07-17 16:49:32,83.0,164.0
2025-07-17 16:46:48,2025-07-17 16:49:32,2025-07-17 16:55:02,164.0,330.0
2025-07-17 16:49:32,2025-07-17 16:55:02,2025-07-17 16:56:24,330.0,82.0
2025-07-17 17:00:31,2025-07-17 17:01:53,2025-07-17 17:04:38,82.0,165.0
2025-07-17 17:01:53,2025-07-17 17:04:38,2025-07-17 17:06:00,165.0,82.0
2025-07-17 17:06:00,2025-07-17 17:07:23,2025-07-17 17:10:07,83.0,164.0
2025-07-17 17:07:23,2025-07-17 17:10:07,2025-07-17 17:12:52,164.0,165.0
2025-07-17 17:10:07,2025-07-17 17:12:52,2025-07-17 17:14:14,165.0,82.0
2025-07-17 17:12:52,2025-07-17 17:14:14,2025-07-17 17:18:21,82.0,247.0
2025-07-17 17:14:14,2025-07-17 17:18:21,2025-07-17 17:22:28,247.0,247.0
2025-07-17 17:18:21,2025-07-17 17:22:28,2025-07-17 17:25:13,247.0,165.0
2025-07-17 17:22:28,2025-07-17 17:25:13,2025-07-17 17:26:35,165.0,82.0
2025-07-17 17:27:57,2025-07-17 17:29:19,2025-07-17 17:32:04,82.0,165.0
2025-07-17 17:29:19,2025-07-17 17:32:04,2025-07-17 17:33:26,165.0,82.0
2025-07-17 17:48:31,2025-07-17 17:49:54,2025-07-17 17:52:39,83.0,165.0
2025-07-17 17:49:54,2025-07-17 17:52:39,2025-07-17 17:54:01,165.0,82.0
2025-07-17 17:55:24,2025-07-17 17:56:46,2025-07-17 18:00:53,82.0,247.0
2025-07-17 17:56:46,2025-07-17 18:00:53,2025-07-17 18:03:38,247.0,165.0
2025-07-17 18:00:53,2025-07-17 18:03:38,2025-07-17 18:06:22,165.0,164.0
2025-07-17 18:03:38,2025-07-17 18:06:22,2025-07-17 18:07:45,164.0,83.0
2025-07-17 18:10:29,2025-07-17 18:11:52,2025-07-17 18:14:36,83.0,164.0
2025-07-17 18:11:52,2025-07-17 18:14:36,2025-07-17 18:15:59,164.0,83.0
2025-07-17 18:22:51,2025-07-17 18:24:13,2025-07-17 18:26:58,82.0,165.0
2025-07-17 18:24:13,2025-07-17 18:26:58,2025-07-17 18:32:27,165.0,329.0
2025-07-17 18:26:58,2025-07-17 18:32:27,2025-07-17 18:35:11,329.0,164.0
2025-07-17 18:32:27,2025-07-17 18:35:11,2025-07-17 18:36:34,164.0,83.0
2025-07-17 18:36:34,2025-07-17 18:37:56,2025-07-17 18:40:41,82.0,165.0
2025-07-17 18:37:56,2025-07-17 18:40:41,2025-07-17 18:42:03,165.0,82.0
2025-07-17 18:42:03,2025-07-17 18:43:26,2025-07-17 18:46:10,83.0,164.0
2025-07-17 18:43:26,2025-07-17 18:46:10,2025-07-17 18:50:17,164.0,247.0
2025-07-17 18:46:10,2025-07-17 18:50:17,2025-07-17 18:51:39,247.0,82.0
2025-07-17 18:50:17,2025-07-17 18:51:39,2025-07-17 18:54:24,82.0,165.0
2025-07-17 18:51:39,2025-07-17 18:54:24,2025-07-17 18:57:08,165.0,164.0
2025-07-17 18:54:24,2025-07-17 18:57:08,2025-07-17 18:58:31,164.0,83.0
2025-07-17 19:04:00,2025-07-17 19:05:23,2025-07-17 19:08:07,83.0,164.0
2025-07-17 19:05:23,2025-07-17 19:08:07,2025-07-17 19:09:29,164.0,82.0
2025-07-17 19:13:36,2025-07-17 19:14:59,2025-07-17 19:20:28,83.0,329.0
2025-07-17 19:14:59,2025-07-17 19:20:28,2025-07-17 19:21:50,329.0,82.0
2025-07-17 19:20:28,2025-07-17 19:21:50,2025-07-17 19:27:19,82.0,329.0
2025-07-17 19:21:50,2025-07-17 19:27:19,2025-07-17 19:28:41,329.0,82.0
2025-07-17 19:28:41,2025-07-17 19:30:03,2025-07-17 19:34:11,82.0,248.0
2025-07-17 19:30:03,2025-07-17 19:34:11,2025-07-17 19:35:33,248.0,82.0
2025-07-17 19:35:33,2025-07-17 19:36:56,2025-07-17 19:39:40,83.0,164.0
2025-07-17 19:36:56,2025-07-17 19:39:40,2025-07-17 19:41:02,164.0,82.0
2025-07-17 19:50:39,2025-07-17 19:52:01,2025-07-17 19:54:46,82.0,165.0
2025-07-17 19:52:01,2025-07-17 19:54:46,2025-07-17 19:56:08,165.0,82.0
2025-07-17 20:00:15,2025-07-17 20:01:38,2025-07-17 20:04:23,83.0,165.0
2025-07-17 20:01:38,2025-07-17 20:04:23,2025-07-17 20:05:45,165.0,82.0
2025-07-17 20:05:45,2025-07-17 20:07:08,2025-07-17 20:11:15,83.0,247.0
2025-07-17 20:07:08,2025-07-17 20:11:15,2025-07-17 20:12:37,247.0,82.0
2025-07-17 20:12:37,2025-07-17 20:13:59,2025-07-17 20:16:44,82.0,165.0
2025-07-17 20:13:59,2025-07-17 20:16:44,2025-07-17 20:18:06,165.0,82.0
2025-07-17 20:48:15,2025-07-17 20:49:37,2025-07-17 20:56:29,82.0,412.0
2025-07-17 20:49:37,2025-07-17 20:56:29,2025-07-17 20:57:51,412.0,82.0
2025-07-17 20:59:13,2025-07-17 21:00:36,2025-07-17 21:03:20,83.0,164.0
2025-07-17 21:00:36,2025-07-17 21:03:20,2025-07-17 21:04:42,164.0,82.0
2025-07-17 21:37:35,2025-07-17 21:38:57,2025-07-17 21:41:42,82.0,165.0
2025-07-17 21:38:57,2025-07-17 21:41:42,2025-07-17 21:43:04,165.0,82.0
2025-07-17 21:41:42,2025-07-17 21:43:04,2025-07-17 21:49:55,82.0,411.0
2025-07-17 21:43:04,2025-07-17 21:49:55,2025-07-17 21:51:17,411.0,82.0
2025-07-17 21:51:17,2025-07-17 21:52:40,2025-07-17 21:56:46,83.0,246.0
2025-07-17 21:52:40,2025-07-17 21:56:46,2025-07-17 21:58:08,246.0,82.0
2025-07-17 21:56:46,2025-07-17 21:58:08,2025-07-17 22:00:54,82.0,166.0
2025-07-17 21:58:08,2025-07-17 22:00:54,2025-07-17 22:02:16,166.0,82.0
2025-07-17 22:02:16,2025-07-17 22:03:39,2025-07-17 22:06:23,83.0,164.0
2025-07-17 22:03:39,2025-07-17 22:06:23,2025-07-17 22:10:29,164.0,246.0
2025-07-17 22:06:23,2025-07-17 22:10:29,2025-07-17 22:11:52,246.0,83.0
2025-07-17 22:13:14,2025-07-17 22:14:36,2025-07-17 22:17:20,82.0,164.0
2025-07-17 22:14:36,2025-07-17 22:17:20,2025-07-17 22:18:42,164.0,82.0
2025-07-17 22:22:49,2025-07-17 22:24:11,2025-07-17 22:29:40,82.0,329.0
2025-07-17 22:24:11,2025-07-17 22:29:40,2025-07-17 22:31:02,329.0,82.0
2025-07-17 22:35:08,2025-07-17 22:36:31,2025-07-17 22:39:15,83.0,164.0
2025-07-17 22:36:31,2025-07-17 22:39:15,2025-07-17 22:43:21,164.0,246.0
2025-07-17 22:39:15,2025-07-17 22:43:21,2025-07-17 22:44:43,246.0,82.0
2025-07-17 22:43:21,2025-07-17 22:44:43,2025-07-17 22:47:28,82.0,165.0
2025-07-17 22:44:43,2025-07-17 22:47:28,2025-07-17 22:48:50,165.0,82.0
2025-07-17 22:57:03,2025-07-17 22:58:25,2025-07-17 23:02:32,82.0,247.0
2025-07-17 22:58:25,2025-07-17 23:02:32,2025-07-17 23:03:54,247.0,82.0
2025-07-17 23:02:32,2025-07-17 23:03:54,2025-07-17 23:08:01,82.0,247.0
2025-07-17 23:03:54,2025-07-17 23:08:01,2025-07-17 23:09:23,247.0,82.0
2025-07-17 23:10:45,2025-07-17 23:12:07,2025-07-17 23:14:52,82.0,165.0
2025-07-17 23:12:07,2025-07-17 23:14:52,2025-07-17 23:16:14,165.0,82.0
2025-07-17 23:16:14,2025-07-17 23:17:36,2025-07-17 23:20:21,82.0,165.0
2025-07-17 23:17:36,2025-07-17 23:20:21,2025-07-17 23:24:27,165.0,246.0
2025-07-17 23:20:21,2025-07-17 23:24:27,2025-07-17 23:25:49,246.0,82.0
2025-07-17 23:24:27,2025-07-17 23:25:49,2025-07-17 23:28:34,82.0,165.0
2025-07-17 23:25:49,2025-07-17 23:28:34,2025-07-17 23:29:56,165.0,82.0
2025-07-17 23:40:53,2025-07-17 23:42:16,2025-07-17 23:45:00,83.0,164.0
2025-07-17 23:42:16,2025-07-17 23:45:00,2025-07-17 23:46:22,164.0,82.0
2025-07-18 00:02:48,2025-07-18 00:04:10,2025-07-18 00:06:55,82.0,165.0
2025-07-18 00:04:10,2025-07-18 00:06:55,2025-07-18 00:08:17,165.0,82.0
2025-07-18 00:06:55,2025-07-18 00:08:17,2025-07-18 00:11:02,82.0,165.0
2025-07-18 00:08:17,2025-07-18 00:11:02,2025-07-18 00:12:24,165.0,82.0
2025-07-18 00:11:02,2025-07-18 00:12:24,2025-07-18 00:15:09,82.0,165.0
2025-07-18 00:12:24,2025-07-18 00:15:09,2025-07-18 00:17:54,165.0,165.0
2025-07-18 00:15:09,2025-07-18 00:17:54,2025-07-18 00:19:16,165.0,82.0
2025-07-18 00:39:50,2025-07-18 00:41:12,2025-07-18 00:43:56,82.0,164.0
2025-07-18 00:41:12,2025-07-18 00:43:56,2025-07-18 00:45:18,164.0,82.0
2025-07-18 00:45:18,2025-07-18 00:46:40,2025-07-18 00:49:25,82.0,165.0
2025-07-18 00:46:40,2025-07-18 00:49:25,2025-07-18 00:50:47,165.0,82.0
2025-07-18 00:53:32,2025-07-18 00:54:54,2025-07-18 00:57:38,82.0,164.0
2025-07-18 00:54:54,2025-07-18 00:57:38,2025-07-18 00:59:00,164.0,82.0
2025-07-18 01:12:42,2025-07-18 01:14:04,2025-07-18 01:19:33,82.0,329.0
2025-07-18 01:14:04,2025-07-18 01:19:33,2025-07-18 01:20:55,329.0,82.0
2025-07-18 01:31:53,2025-07-18 01:33:15,2025-07-18 01:36:00,82.0,165.0
2025-07-18 01:33:15,2025-07-18 01:36:00,2025-07-18 01:37:22,165.0,82.0
2025-07-18 02:03:25,2025-07-18 02:04:47,2025-07-18 02:07:32,82.0,165.0
2025-07-18 02:04:47,2025-07-18 02:07:32,2025-07-18 02:13:02,165.0,330.0
2025-07-18 02:07:32,2025-07-18 02:13:02,2025-07-18 02:14:24,330.0,82.0
2025-07-18 03:09:18,2025-07-18 03:10:40,2025-07-18 03:14:47,82.0,247.0
2025-07-18 03:10:40,2025-07-18 03:14:47,2025-07-18 03:16:09,247.0,82.0
2025-07-18 03:31:14,2025-07-18 03:32:36,2025-07-18 03:35:20,82.0,164.0
2025-07-18 03:32:36,2025-07-18 03:35:20,2025-07-18 03:36:43,164.0,83.0
2025-07-18 03:49:05,2025-07-18 03:50:27,2025-07-18 03:53:11,82.0,164.0
2025-07-18 03:50:27,2025-07-18 03:53:11,2025-07-18 03:54:34,164.0,83.0
2025-07-18 04:06:55,2025-07-18 04:08:17,2025-07-18 04:11:02,82.0,165.0
2025-07-18 04:08:17,2025-07-18 04:11:02,2025-07-18 04:12:24,165.0,82.0
2025-07-18 04:48:03,2025-07-18 04:49:25,2025-07-18 04:52:10,82.0,165.0
2025-07-18 04:49:25,2025-07-18 04:52:10,2025-07-18 04:53:32,165.0,82.0
2025-07-18 05:11:22,2025-07-18 05:12:45,2025-07-18 05:15:29,83.0,164.0
2025-07-18 05:12:45,2025-07-18 05:15:29,2025-07-18 05:16:51,164.0,82.0
2025-07-18 05:37:26,2025-07-18 05:38:48,2025-07-18 05:41:33,82.0,165.0
2025-07-18 05:38:48,2025-07-18 05:41:33,2025-07-18 05:42:55,165.0,82.0
2025-07-18 05:52:32,2025-07-18 05:53:54,2025-07-18 05:58:01,82.0,247.0
2025-07-18 05:53:54,2025-07-18 05:58:01,2025-07-18 05:59:23,247.0,82.0
2025-07-18 06:11:43,2025-07-18 06:13:06,2025-07-18 06:15:50,83.0,164.0
2025-07-18 06:13:06,2025-07-18 06:15:50,2025-07-18 06:17:13,164.0,83.0
2025-07-18 06:22:42,2025-07-18 06:24:04,2025-07-18 06:26:49,82.0,165.0
2025-07-18 06:24:04,2025-07-18 06:26:49,2025-07-18 06:28:11,165.0,82.0
2025-07-18 13:51:29,2025-07-18 13:52:52,2025-07-18 13:55:37,83.0,165.0
2025-07-18 13:52:52,2025-07-18 13:55:37,2025-07-18 13:56:59,165.0,82.0
2025-07-18 15:09:47,2025-07-18 15:11:09,2025-07-18 15:13:54,82.0,165.0
2025-07-18 15:11:09,2025-07-18 15:13:54,2025-07-18 15:15:17,165.0,83.0
2025-07-18 15:15:17,2025-07-18 15:16:39,2025-07-18 15:19:24,82.0,165.0
2025-07-18 15:16:39,2025-07-18 15:19:24,2025-07-18 15:20:46,165.0,82.0
2025-07-18 15:22:08,2025-07-18 15:23:31,2025-07-18 15:26:16,83.0,165.0
2025-07-18 15:23:31,2025-07-18 15:26:16,2025-07-18 15:27:38,165.0,82.0
2025-07-18 15:35:52,2025-07-18 15:37:15,2025-07-18 20:27:32,83.0,17417.0
2025-07-18 15:37:15,2025-07-18 20:27:32,2025-07-18 20:28:53,17417.0,81.0
2025-07-18 20:41:15,2025-07-18 20:42:38,2025-07-18 20:46:47,83.0,249.0
2025-07-18 20:42:38,2025-07-18 20:46:47,2025-07-18 20:53:40,249.0,413.0
2025-07-18 20:46:47,2025-07-18 20:53:40,2025-07-18 20:55:03,413.0,83.0
2025-07-19 03:08:51,2025-07-19 03:10:13,2025-07-19 03:12:58,82.0,165.0
2025-07-19 03:10:13,2025-07-19 03:12:58,2025-07-19 03:14:20,165.0,82.0
2025-07-19 03:44:35,2025-07-19 03:45:58,2025-07-19 03:48:43,83.0,165.0
2025-07-19 03:45:58,2025-07-19 03:48:43,2025-07-19 03:50:05,165.0,82.0
2025-07-19 03:56:58,2025-07-19 03:58:20,2025-07-19 04:01:05,82.0,165.0
2025-07-19 03:58:20,2025-07-19 04:01:05,2025-07-19 04:02:27,165.0,82.0
2025-07-19 04:20:20,2025-07-19 04:21:43,2025-07-19 04:24:28,83.0,165.0
2025-07-19 04:21:43,2025-07-19 04:24:28,2025-07-19 04:25:51,165.0,83.0
2025-07-19 04:32:43,2025-07-19 04:34:06,2025-07-19 04:36:51,83.0,165.0
2025-07-19 04:34:06,2025-07-19 04:36:51,2025-07-19 04:38:14,165.0,83.0
2025-07-19 04:54:44,2025-07-19 04:56:07,2025-07-19 04:58:52,83.0,165.0
2025-07-19 04:56:07,2025-07-19 04:58:52,2025-07-19 05:00:15,165.0,83.0
2025-07-19 15:23:20,2025-07-19 15:24:42,2025-07-19 15:27:28,82.0,166.0
2025-07-19 15:24:42,2025-07-19 15:27:28,2025-07-19 15:28:51,166.0,83.0
2025-07-19 15:52:14,2025-07-19 15:53:36,2025-07-19 15:56:21,82.0,165.0
2025-07-19 15:53:36,2025-07-19 15:56:21,2025-07-19 15:57:44,165.0,83.0
2025-07-19 16:25:15,2025-07-19 16:26:38,2025-07-19 16:29:23,83.0,165.0
2025-07-19 16:26:38,2025-07-19 16:29:23,2025-07-19 16:32:09,165.0,166.0
2025-07-19 16:29:23,2025-07-19 16:32:09,2025-07-19 16:33:31,166.0,82.0
2025-07-19 16:33:31,2025-07-19 16:34:54,2025-07-19 16:40:24,83.0,330.0
2025-07-19 16:34:54,2025-07-19 16:40:24,2025-07-19 16:41:47,330.0,83.0
2025-07-19 16:50:03,2025-07-19 16:51:25,2025-07-19 16:54:10,82.0,165.0
2025-07-19 16:51:25,2025-07-19 16:54:10,2025-07-19 16:55:33,165.0,83.0
2025-07-19 16:55:33,2025-07-19 16:56:55,2025-07-19 16:59:40,82.0,165.0
2025-07-19 16:56:55,2025-07-19 16:59:40,2025-07-19 17:01:03,165.0,83.0
2025-07-19 17:13:26,2025-07-19 17:14:49,2025-07-19 17:21:44,83.0,415.0
2025-07-19 17:14:49,2025-07-19 17:21:44,2025-07-19 17:23:06,415.0,82.0
2025-07-19 21:51:10,2025-07-19 21:52:33,2025-07-19 22:03:35,83.0,662.0
2025-07-19 21:52:33,2025-07-19 22:03:35,2025-07-19 22:04:58,662.0,83.0
2025-07-20 09:19:56,2025-07-20 09:21:18,2025-07-20 09:24:03,82.0,165.0
2025-07-20 09:21:18,2025-07-20 09:24:03,2025-07-20 09:25:25,165.0,82.0
2025-07-20 13:35:41,2025-07-20 13:37:04,2025-07-20 13:39:49,83.0,165.0
2025-07-20 13:37:04,2025-07-20 13:39:49,2025-07-20 13:41:11,165.0,82.0
2025-07-20 14:05:56,2025-07-20 14:07:18,2025-07-20 14:10:04,82.0,166.0
2025-07-20 14:07:18,2025-07-20 14:10:04,2025-07-20 14:11:26,166.0,82.0
2025-07-20 14:10:04,2025-07-20 14:11:26,2025-07-20 14:14:11,82.0,165.0
2025-07-20 14:11:26,2025-07-20 14:14:11,2025-07-20 14:15:34,165.0,83.0
2025-07-20 14:14:11,2025-07-20 14:15:34,2025-07-20 14:18:19,83.0,165.0
2025-07-20 14:15:34,2025-07-20 14:18:19,2025-07-20 14:19:41,165.0,82.0
2025-07-20 14:18:19,2025-07-20 14:19:41,2025-07-20 14:22:26,82.0,165.0
2025-07-20 14:19:41,2025-07-20 14:22:26,2025-07-20 14:23:49,165.0,83.0
2025-07-20 14:29:18,2025-07-20 14:30:41,2025-07-20 14:33:26,83.0,165.0
2025-07-20 14:30:41,2025-07-20 14:33:26,2025-07-20 14:34:48,165.0,82.0
2025-07-20 15:31:10,2025-07-20 15:32:33,2025-07-20 15:35:18,83.0,165.0
2025-07-20 15:32:33,2025-07-20 15:35:18,2025-07-20 15:36:41,165.0,83.0
2025-07-20 15:39:26,2025-07-20 15:40:48,2025-07-20 15:43:33,82.0,165.0
2025-07-20 15:40:48,2025-07-20 15:43:33,2025-07-20 15:44:56,165.0,83.0
2025-07-20 15:43:33,2025-07-20 15:44:56,2025-07-20 15:47:41,83.0,165.0
2025-07-20 15:44:56,2025-07-20 15:47:41,2025-07-20 15:49:03,165.0,82.0
2025-07-20 16:12:25,2025-07-20 16:13:48,2025-07-20 16:22:05,83.0,497.0
2025-07-20 16:13:48,2025-07-20 16:22:05,2025-07-20 16:23:28,497.0,83.0
2025-07-20 23:11:44,2025-07-20 23:13:07,2025-07-20 23:15:51,83.0,164.0
2025-07-20 23:13:07,2025-07-20 23:15:51,2025-07-20 23:17:14,164.0,83.0
2025-07-21 11:58:18,2025-07-21 11:59:40,2025-07-21 12:03:48,82.0,248.0
2025-07-21 11:59:40,2025-07-21 12:03:48,2025-07-21 12:05:10,248.0,82.0
2025-07-21 14:47:26,2025-07-21 14:48:49,2025-07-21 14:51:34,83.0,165.0
2025-07-21 14:48:49,2025-07-21 14:51:34,2025-07-21 14:52:56,165.0,82.0
2025-07-21 15:57:35,2025-07-21 15:58:57,2025-07-21 16:03:05,82.0,248.0
2025-07-21 15:58:57,2025-07-21 16:03:05,2025-07-21 16:04:27,248.0,82.0
2025-07-21 16:05:50,2025-07-21 16:07:12,2025-07-21 16:09:57,82.0,165.0
2025-07-21 16:07:12,2025-07-21 16:09:57,2025-07-21 16:11:19,165.0,82.0
2025-07-21 16:19:34,2025-07-21 16:20:56,2025-07-21 16:23:41,82.0,165.0
2025-07-21 16:20:56,2025-07-21 16:23:41,2025-07-21 16:25:04,165.0,83.0
2025-07-21 17:32:27,2025-07-21 17:33:50,2025-07-21 17:37:57,83.0,247.0
2025-07-21 17:33:50,2025-07-21 17:37:57,2025-07-21 17:39:20,247.0,83.0
2025-07-21 17:51:43,2025-07-21 17:53:06,2025-07-21 17:55:51,83.0,165.0
2025-07-21 17:53:06,2025-07-21 17:55:51,2025-07-21 17:57:14,165.0,83.0
2025-07-21 17:57:14,2025-07-21 17:58:36,2025-07-21 18:02:44,82.0,248.0
2025-07-21 17:58:36,2025-07-21 18:02:44,2025-07-21 18:04:06,248.0,82.0
2025-07-21 18:02:44,2025-07-21 18:04:06,2025-07-21 18:06:51,82.0,165.0
2025-07-21 18:04:06,2025-07-21 18:06:51,2025-07-21 18:08:13,165.0,82.0
2025-07-21 19:11:27,2025-07-21 19:12:49,2025-07-21 19:15:34,82.0,165.0
2025-07-21 19:12:49,2025-07-21 19:15:34,2025-07-21 19:16:57,165.0,83.0
2025-07-21 19:33:26,2025-07-21 19:34:49,2025-07-21 19:37:33,83.0,164.0
2025-07-21 19:34:49,2025-07-21 19:37:33,2025-07-21 19:38:56,164.0,83.0
2025-07-21 20:55:49,2025-07-21 20:57:12,2025-07-21 20:59:56,83.0,164.0
2025-07-21 20:57:12,2025-07-21 20:59:56,2025-07-21 21:01:19,164.0,83.0
2025-07-21 21:41:07,2025-07-21 21:42:30,2025-07-21 21:45:15,83.0,165.0
2025-07-21 21:42:30,2025-07-21 21:45:15,2025-07-21 21:46:37,165.0,82.0
2025-07-21 21:48:00,2025-07-21 21:49:22,2025-07-21 21:52:06,82.0,164.0
2025-07-21 21:49:22,2025-07-21 21:52:06,2025-07-21 21:53:29,164.0,83.0
2025-07-21 22:20:56,2025-07-21 22:22:18,2025-07-21 22:25:03,82.0,165.0
2025-07-21 22:22:18,2025-07-21 22:25:03,2025-07-21 22:26:25,165.0,82.0
2025-07-21 22:36:01,2025-07-21 22:37:23,2025-07-21 22:40:08,82.0,165.0
2025-07-21 22:37:23,2025-07-21 22:40:08,2025-07-21 22:41:30,165.0,82.0
2025-07-21 22:55:13,2025-07-21 22:56:36,2025-07-21 23:00:43,83.0,247.0
2025-07-21 22:56:36,2025-07-21 23:00:43,2025-07-21 23:02:05,247.0,82.0
2025-07-21 23:19:55,2025-07-21 23:21:17,2025-07-21 23:24:02,82.0,165.0
2025-07-21 23:21:17,2025-07-21 23:24:02,2025-07-21 23:25:25,165.0,83.0
2025-07-21 23:32:17,2025-07-21 23:33:39,2025-07-21 23:37:46,82.0,247.0
2025-07-21 23:33:39,2025-07-21 23:37:46,2025-07-21 23:39:08,247.0,82.0
2025-07-21 23:39:08,2025-07-21 23:40:31,2025-07-21 23:44:37,83.0,246.0
2025-07-21 23:40:31,2025-07-21 23:44:37,2025-07-21 23:46:00,246.0,83.0
2025-07-21 23:44:37,2025-07-21 23:46:00,2025-07-21 23:48:45,83.0,165.0
2025-07-21 23:46:00,2025-07-21 23:48:45,2025-07-21 23:50:07,165.0,82.0
2025-07-22 00:01:05,2025-07-22 00:02:27,2025-07-22 00:05:12,82.0,165.0
2025-07-22 00:02:27,2025-07-22 00:05:12,2025-07-22 00:07:57,165.0,165.0
2025-07-22 00:05:12,2025-07-22 00:07:57,2025-07-22 00:10:41,165.0,164.0
2025-07-22 00:07:57,2025-07-22 00:10:41,2025-07-22 00:13:26,164.0,165.0
2025-07-22 00:10:41,2025-07-22 00:13:26,2025-07-22 00:14:48,165.0,82.0
2025-07-22 00:25:47,2025-07-22 00:27:09,2025-07-22 00:29:54,82.0,165.0
2025-07-22 00:27:09,2025-07-22 00:29:54,2025-07-22 00:32:39,165.0,165.0
2025-07-22 00:29:54,2025-07-22 00:32:39,2025-07-22 00:39:31,165.0,412.0
2025-07-22 00:32:39,2025-07-22 00:39:31,2025-07-22 00:40:53,412.0,82.0
2025-07-22 00:40:53,2025-07-22 00:42:15,2025-07-22 00:45:00,82.0,165.0
2025-07-22 00:42:15,2025-07-22 00:45:00,2025-07-22 00:49:07,165.0,247.0
2025-07-22 00:45:00,2025-07-22 00:49:07,2025-07-22 00:50:29,247.0,82.0
2025-07-22 01:00:05,2025-07-22 01:01:27,2025-07-22 01:04:12,82.0,165.0
2025-07-22 01:01:27,2025-07-22 01:04:12,2025-07-22 01:05:34,165.0,82.0
2025-07-22 01:05:34,2025-07-22 01:06:57,2025-07-22 01:09:41,83.0,164.0
2025-07-22 01:06:57,2025-07-22 01:09:41,2025-07-22 01:11:04,164.0,83.0
2025-07-22 01:15:10,2025-07-22 01:16:33,2025-07-22 01:19:18,83.0,165.0
2025-07-22 01:16:33,2025-07-22 01:19:18,2025-07-22 01:20:40,165.0,82.0
2025-07-22 01:22:02,2025-07-22 01:23:25,2025-07-22 01:27:32,83.0,247.0
2025-07-22 01:23:25,2025-07-22 01:27:32,2025-07-22 01:30:16,247.0,164.0
2025-07-22 01:27:32,2025-07-22 01:30:16,2025-07-22 01:31:38,164.0,82.0
2025-07-22 01:49:29,2025-07-22 01:50:52,2025-07-22 01:53:36,83.0,164.0
2025-07-22 01:50:52,2025-07-22 01:53:36,2025-07-22 01:54:58,164.0,82.0
2025-07-22 01:54:58,2025-07-22 01:56:21,2025-07-22 02:03:12,83.0,411.0
2025-07-22 01:56:21,2025-07-22 02:03:12,2025-07-22 02:05:56,411.0,164.0
2025-07-22 02:03:12,2025-07-22 02:05:56,2025-07-22 02:08:41,164.0,165.0
2025-07-22 02:05:56,2025-07-22 02:08:41,2025-07-22 02:11:25,165.0,164.0
2025-07-22 02:08:41,2025-07-22 02:11:25,2025-07-22 02:12:48,164.0,83.0
2025-07-22 02:15:33,2025-07-22 02:16:55,2025-07-22 02:19:40,82.0,165.0
2025-07-22 02:16:55,2025-07-22 02:19:40,2025-07-22 02:22:24,165.0,164.0
2025-07-22 02:19:40,2025-07-22 02:22:24,2025-07-22 02:23:47,164.0,83.0
2025-07-22 02:22:24,2025-07-22 02:23:47,2025-07-22 02:26:32,83.0,165.0
2025-07-22 02:23:47,2025-07-22 02:26:32,2025-07-22 02:27:54,165.0,82.0
2025-07-22 02:37:31,2025-07-22 02:38:53,2025-07-22 02:41:38,82.0,165.0
2025-07-22 02:38:53,2025-07-22 02:41:38,2025-07-22 02:43:00,165.0,82.0
2025-07-22 02:51:14,2025-07-22 02:52:36,2025-07-22 02:55:21,82.0,165.0
2025-07-22 02:52:36,2025-07-22 02:55:21,2025-07-22 02:56:43,165.0,82.0
2025-07-22 02:58:05,2025-07-22 02:59:28,2025-07-22 03:02:12,83.0,164.0
2025-07-22 02:59:28,2025-07-22 03:02:12,2025-07-22 03:03:35,164.0,83.0
